epoch,time,train/box_loss,train/cls_loss,train/dfl_loss,metrics/precision(B),metrics/recall(B),metrics/mAP50(B),metrics/mAP50-95(B),val/box_loss,val/cls_loss,val/dfl_loss,lr/pg0,lr/pg1,lr/pg2
1,6.69263,1.14132,4.41238,1.29076,0,0,0,0,0,18.3594,0,0.001,0.001,0.091
2,9.45281,0.88181,3.72207,1.07151,0,0,0,0,0,15.75,0,0.00209584,0.00209584,0.0810958
3,12.1025,0.78383,2.46966,0.95614,0,0,0,0,0,13.3281,0,0.00318733,0.00318733,0.0711873
4,14.5645,0.78873,1.72175,0.94277,0,0,0,0,0,5.07812,0,0.00427446,0.00427446,0.0612745
5,17.0845,0.74331,1.31949,0.91141,0,0,0,0,0,2.70312,0,0.00535723,0.00535723,0.0513572
6,19.5877,0.79478,1.19847,0.92418,0,0,0,0,0,2.66016,0,0.00643565,0.00643565,0.0414356
7,22.052,0.81495,1.12283,0.93869,0,0,0,0,0,2.62891,0,0.00750971,0.00750971,0.0315097
8,24.5653,0.78951,1.05371,0.93906,0,0,0,0,0,2.73633,0,0.00857942,0.00857942,0.0215794
9,26.9922,0.81761,1.22986,0.96191,0,0,0,0,0,2.98633,0,0.00964477,0.00964477,0.0116448
10,29.6742,0.78328,1.23443,0.92904,0,0,0,0,0,3.39062,0,0.0098218,0.0098218,0.0098218
11,32.1319,0.88136,1.09796,0.97713,0,0,0,0,0,3.06055,0,0.009802,0.009802,0.009802
12,34.6441,0.856,1.06702,0.97835,0,0,0,0,0,3.46094,0,0.0097822,0.0097822,0.0097822
13,37.0835,0.85106,1.00167,0.95924,0,0,0,0,0,3.30469,0,0.0097624,0.0097624,0.0097624
14,39.5218,0.74834,0.99615,0.95486,0,0,0,0,0,3.33008,0,0.0097426,0.0097426,0.0097426
15,41.9391,0.78517,1.00722,0.95492,0,0,0,0,0,2.64453,0,0.0097228,0.0097228,0.0097228
16,44.4364,0.78761,1.01376,0.95111,0,0,0,0,0,2.92773,0,0.009703,0.009703,0.009703
17,46.8431,0.73189,0.91103,0.9349,0,0,0,0,0,7.18359,0,0.0096832,0.0096832,0.0096832
18,49.2691,0.82238,0.94343,0.97143,0,0,0,0,0,0.98047,0,0.0096634,0.0096634,0.0096634
19,51.7369,0.79649,0.87636,0.96094,0,0,0,0,0,0.98828,0,0.0096436,0.0096436,0.0096436
20,54.3175,0.79144,0.81154,0.95268,0,0,0,0,0,2.63477,0,0.0096238,0.0096238,0.0096238
21,56.7416,0.76109,0.76206,0.93284,0,0,0,0,0,3.29688,0,0.009604,0.009604,0.009604
22,59.2233,0.79618,0.8353,0.98352,0,0,0,0,0,1.03125,0,0.0095842,0.0095842,0.0095842
23,61.6173,0.68177,0.78845,0.92228,0,0,0,0,0,3.31055,0,0.0095644,0.0095644,0.0095644
24,64.1195,0.73222,0.7864,0.93467,0,0,0,0,0,0.72949,0,0.0095446,0.0095446,0.0095446
25,66.5721,0.70564,0.73357,0.90784,0,0,0,0,0,1.84082,0,0.0095248,0.0095248,0.0095248
26,69.0295,0.69464,0.75765,0.92811,0,0,0,0,0,1.50977,0,0.009505,0.009505,0.009505
27,71.5098,0.71091,0.72228,0.92321,0,0,0,0,0,0.31445,0,0.0094852,0.0094852,0.0094852
28,74.0267,0.68606,0.70811,0.9241,0,0,0,0,0,3.35352,0,0.0094654,0.0094654,0.0094654
29,76.455,0.73024,0.73092,0.94307,0,0,0,0,0,0.37695,0,0.0094456,0.0094456,0.0094456
30,78.9622,0.64928,0.65889,0.90205,0,0,0,0,0,3.20312,0,0.0094258,0.0094258,0.0094258
31,81.4885,0.73089,0.70785,0.95255,0,0,0,0,0,2.06445,0,0.009406,0.009406,0.009406
32,83.8854,0.69442,0.64265,0.92917,0,0,0,0,0,0.19824,0,0.0093862,0.0093862,0.0093862
33,86.372,0.71269,0.65588,0.9264,0,0,0,0,0,0.20605,0,0.0093664,0.0093664,0.0093664
34,88.9585,0.66942,0.6408,0.95021,0,0,0,0,0,0.01758,0,0.0093466,0.0093466,0.0093466
35,91.399,0.64881,0.64405,0.89354,0,0,0,0,0,0.08789,0,0.0093268,0.0093268,0.0093268
36,93.9269,0.69674,0.67321,0.9258,0,0,0,0,0,0.10938,0,0.009307,0.009307,0.009307
37,96.384,0.69888,0.68639,0.91159,0,0,0,0,0,0.16602,0,0.0092872,0.0092872,0.0092872
38,98.8341,0.68675,0.61415,0.91428,0,0,0,0,0,1.51953,0,0.0092674,0.0092674,0.0092674
39,101.277,0.68185,0.61175,0.93539,0,0,0,0,0,0.52637,0,0.0092476,0.0092476,0.0092476
40,103.737,0.68173,0.62185,0.91619,0,0,0,0,0,0.34766,0,0.0092278,0.0092278,0.0092278
41,106.179,0.71994,0.61746,0.93201,0,0,0,0,0,0.48242,0,0.009208,0.009208,0.009208
42,108.621,0.67148,0.5882,0.93314,0,0,0,0,0,0.51074,0,0.0091882,0.0091882,0.0091882
43,111.104,0.66034,0.60169,0.92983,0,0,0,0,0,0.49023,0,0.0091684,0.0091684,0.0091684
44,113.592,0.65731,0.59891,0.92572,0,0,0,0,0,0.11133,0,0.0091486,0.0091486,0.0091486
45,116.061,0.64737,0.59978,0.90956,0,0,0,0,0,0.0332,0,0.0091288,0.0091288,0.0091288
46,118.568,0.71321,0.61423,0.96684,0,0,0,0,0,0.00391,0,0.009109,0.009109,0.009109
47,121.059,0.61425,0.60507,0.90026,0,0,0,0,0,0.01953,0,0.0090892,0.0090892,0.0090892
48,123.458,0.67601,0.66215,0.91697,0,0,0,0,0,0.00195,0,0.0090694,0.0090694,0.0090694
49,125.862,0.6588,0.56334,0.89605,0,0,0,0,0,0.04297,0,0.0090496,0.0090496,0.0090496
50,128.376,0.64923,0.59895,0.91632,0,0,0,0,0,0.13477,0,0.0090298,0.0090298,0.0090298
51,130.773,0.64324,0.57895,0.91789,0,0,0,0,0,0.23047,0,0.00901,0.00901,0.00901
52,133.263,0.65476,0.58914,0.9125,0,0,0,0,0,0.31738,0,0.0089902,0.0089902,0.0089902
53,135.633,0.62427,0.55673,0.90741,0,0,0,0,0,0.58887,0,0.0089704,0.0089704,0.0089704
54,138.066,0.6165,0.5184,0.8779,0,0,0,0,0,1.17188,0,0.0089506,0.0089506,0.0089506
55,140.578,0.5941,0.50134,0.87333,0,0,0,0,0,1.95898,0,0.0089308,0.0089308,0.0089308
56,143.113,0.60027,0.53271,0.88704,0,0,0,0,0,7.59375,0,0.008911,0.008911,0.008911
57,145.54,0.64807,0.58607,0.90691,0,0,0,0,0,2.34961,0,0.0088912,0.0088912,0.0088912
58,147.999,0.59402,0.50269,0.89407,0,0,0,0,0,0.58057,0,0.0088714,0.0088714,0.0088714
59,150.467,0.60637,0.52722,0.9002,0,0,0,0,0,0.47754,0,0.0088516,0.0088516,0.0088516
60,152.919,0.61803,0.57546,0.89625,0,0,0,0,0,0.19434,0,0.0088318,0.0088318,0.0088318
61,155.359,0.58404,0.55288,0.87843,0,0,0,0,0,0.10938,0,0.008812,0.008812,0.008812
62,157.825,0.58835,0.54838,0.9041,0,0,0,0,0,0.06641,0,0.0087922,0.0087922,0.0087922
63,160.263,0.62809,0.55001,0.91339,0,0,0,0,0,0.48242,0,0.0087724,0.0087724,0.0087724
64,162.731,0.65764,0.53824,0.90835,0,0,0,0,0,5.61719,0,0.0087526,0.0087526,0.0087526
65,165.152,0.63953,0.56752,0.92817,0,0,0,0,0,5.46875,0,0.0087328,0.0087328,0.0087328
66,167.58,0.60091,0.53917,0.90619,0,0,0,0,0,1.99023,0,0.008713,0.008713,0.008713
67,170.019,0.65693,0.54569,0.92735,0,0,0,0,0,0.95117,0,0.0086932,0.0086932,0.0086932
68,172.474,0.59804,0.54745,0.87314,0,0,0,0,0,0.44824,0,0.0086734,0.0086734,0.0086734
69,175.011,0.5849,0.53328,0.88911,0,0,0,0,0,0.1377,0,0.0086536,0.0086536,0.0086536
70,177.501,0.60798,0.49684,0.90329,0,0,0,0,0,2.18945,0,0.0086338,0.0086338,0.0086338
71,179.944,0.59956,0.53886,0.90149,0,0,0,0,0,2.07617,0,0.008614,0.008614,0.008614
72,182.371,0.64174,0.54263,0.9093,0,0,0,0,0,0.76221,0,0.0085942,0.0085942,0.0085942
73,184.829,0.59636,0.51804,0.8987,0,0,0,0,0,1.33301,0,0.0085744,0.0085744,0.0085744
74,187.292,0.59054,0.48819,0.88087,0,0,0,0,0,0.00781,0,0.0085546,0.0085546,0.0085546
75,189.752,0.59406,0.50412,0.90323,0,0,0,0,0,0.03711,0,0.0085348,0.0085348,0.0085348
76,192.199,0.60239,0.49206,0.88527,0,0,0,0,0,0.08984,0,0.008515,0.008515,0.008515
77,194.654,0.61764,0.52696,0.92731,0,0,0,0,0,0.229,0,0.0084952,0.0084952,0.0084952
78,197.108,0.59374,0.53536,0.91825,0,0,0,0,0,0.08398,0,0.0084754,0.0084754,0.0084754
79,199.583,0.58449,0.50863,0.89579,0,0,0,0,0,0.02539,0,0.0084556,0.0084556,0.0084556
80,202.166,0.64807,0.52844,0.91395,0,0,0,0,0,0.00195,0,0.0084358,0.0084358,0.0084358
81,204.602,0.64244,0.49753,0.88965,0,0,0,0,0,0.04297,0,0.008416,0.008416,0.008416
82,207.15,0.64509,0.53253,0.92686,0,0,0,0,0,0.07227,0,0.0083962,0.0083962,0.0083962
83,209.641,0.60662,0.50085,0.90221,0,0,0,0,0,0.07227,0,0.0083764,0.0083764,0.0083764
84,212.066,0.62024,0.51802,0.90741,0,0,0,0,0,0.28516,0,0.0083566,0.0083566,0.0083566
85,214.576,0.55891,0.50453,0.89403,0,0,0,0,0,0.45312,0,0.0083368,0.0083368,0.0083368
86,217.067,0.61006,0.49801,0.90635,0,0,0,0,0,0.11426,0,0.008317,0.008317,0.008317
87,219.597,0.58656,0.47452,0.89358,0,0,0,0,0,0.48828,0,0.0082972,0.0082972,0.0082972
88,222.025,0.58247,0.48972,0.89677,0,0,0,0,0,0.96436,0,0.0082774,0.0082774,0.0082774
89,224.445,0.54508,0.4441,0.884,0,0,0,0,0,0.58984,0,0.0082576,0.0082576,0.0082576
90,226.965,0.58479,0.47637,0.88508,0,0,0,0,0,0.10938,0,0.0082378,0.0082378,0.0082378
91,229.435,0.57859,0.48957,0.89141,0,0,0,0,0,0.16504,0,0.008218,0.008218,0.008218
92,232.044,0.58347,0.49463,0.88752,0,0,0,0,0,0.12891,0,0.0081982,0.0081982,0.0081982
93,234.63,0.57857,0.49451,0.89435,0,0,0,0,0,0.06543,0,0.0081784,0.0081784,0.0081784
94,237.331,0.59621,0.48326,0.91445,0,0,0,0,0,0.00781,0,0.0081586,0.0081586,0.0081586
95,239.984,0.56932,0.48451,0.89331,0,0,0,0,0,0.03906,0,0.0081388,0.0081388,0.0081388
96,242.533,0.62047,0.47711,0.934,0,0,0,0,0,0.03027,0,0.008119,0.008119,0.008119
97,244.921,0.5876,0.47066,0.90866,0,0,0,0,0,0.01562,0,0.0080992,0.0080992,0.0080992
98,247.41,0.60249,0.51123,0.9043,0,0,0,0,0,0.03125,0,0.0080794,0.0080794,0.0080794
99,249.934,0.62174,0.47154,0.90178,0,0,0,0,0,0.02344,0,0.0080596,0.0080596,0.0080596
100,252.459,0.53434,0.43641,0.89054,0,0,0,0,0,0.03125,0,0.0080398,0.0080398,0.0080398
101,254.883,0.62988,0.49617,0.91026,0,0,0,0,0,0.07422,0,0.00802,0.00802,0.00802
102,257.399,0.58673,0.44876,0.87424,0,0,0,0,0,0.03906,0,0.0080002,0.0080002,0.0080002
103,259.946,0.54604,0.45706,0.85942,0,0,0,0,0,0.01953,0,0.0079804,0.0079804,0.0079804
104,262.387,0.5975,0.48167,0.89944,0,0,0,0,0,0.07617,0,0.0079606,0.0079606,0.0079606
105,264.798,0.58464,0.46882,0.88912,0,0,0,0,0,0.18896,0,0.0079408,0.0079408,0.0079408
106,267.358,0.56305,0.47305,0.87574,0,0,0,0,0,0.11133,0,0.007921,0.007921,0.007921
107,269.779,0.56852,0.48307,0.89422,0,0,0,0,0,0.01172,0,0.0079012,0.0079012,0.0079012
108,272.23,0.54924,0.4478,0.88735,0,0,0,0,0,0.00391,0,0.0078814,0.0078814,0.0078814
109,274.675,0.546,0.48667,0.86714,0,0,0,0,0,0.00586,0,0.0078616,0.0078616,0.0078616
110,277.142,0.57302,0.46549,0.86183,0,0,0,0,0,1.35059,0,0.0078418,0.0078418,0.0078418
111,279.587,0.52653,0.43274,0.87326,0,0,0,0,0,6.19922,0,0.007822,0.007822,0.007822
112,282.041,0.57673,0.5105,0.87919,0,0,0,0,0,1.36523,0,0.0078022,0.0078022,0.0078022
113,284.504,0.55711,0.4529,0.89693,0,0,0,0,0,0.03906,0,0.0077824,0.0077824,0.0077824
114,286.978,0.52844,0.44886,0.87851,0,0,0,0,0,0.00977,0,0.0077626,0.0077626,0.0077626
115,289.443,0.54957,0.46282,0.89491,0,0,0,0,0,0,0,0.0077428,0.0077428,0.0077428
116,291.894,0.56942,0.46855,0.87027,0,0,0,0,0,0.00586,0,0.007723,0.007723,0.007723
117,294.409,0.52841,0.42637,0.84925,0,0,0,0,0,0.01562,0,0.0077032,0.0077032,0.0077032
118,296.892,0.52618,0.43157,0.86494,0,0,0,0,0,0.02344,0,0.0076834,0.0076834,0.0076834
119,299.352,0.57667,0.44151,0.8849,0,0,0,0,0,0.02148,0,0.0076636,0.0076636,0.0076636
120,301.857,0.60532,0.47417,0.90037,0,0,0,0,0,0,0,0.0076438,0.0076438,0.0076438
121,304.247,0.51378,0.41709,0.86667,0,0,0,0,0,0.09375,0,0.007624,0.007624,0.007624
122,306.731,0.57399,0.44922,0.88322,0,0,0,0,0,0.3374,0,0.0076042,0.0076042,0.0076042
123,309.179,0.58979,0.47342,0.89603,0,0,0,0,0,0.34424,0,0.0075844,0.0075844,0.0075844
124,311.643,0.58931,0.43785,0.8893,0,0,0,0,0,0.17578,0,0.0075646,0.0075646,0.0075646
125,314.08,0.53298,0.45462,0.8844,0,0,0,0,0,0.0625,0,0.0075448,0.0075448,0.0075448
126,316.574,0.55653,0.45704,0.86729,0,0,0,0,0,0.00586,0,0.007525,0.007525,0.007525
127,318.982,0.51175,0.41576,0.87641,0,0,0,0,0,0.01562,0,0.0075052,0.0075052,0.0075052
128,321.453,0.51044,0.43427,0.85975,0,0,0,0,0,0.00977,0,0.0074854,0.0074854,0.0074854
129,323.875,0.57586,0.43306,0.91858,0,0,0,0,0,0.01172,0,0.0074656,0.0074656,0.0074656
130,326.371,0.55047,0.42846,0.89529,0,0,0,0,0,0.02734,0,0.0074458,0.0074458,0.0074458
131,328.773,0.52152,0.41344,0.88528,0,0,0,0,0,0.0332,0,0.007426,0.007426,0.007426
132,331.207,0.53297,0.41051,0.8811,0,0,0,0,0,0.15625,0,0.0074062,0.0074062,0.0074062
133,333.654,0.54792,0.42847,0.88296,0,0,0,0,0,0.17383,0,0.0073864,0.0073864,0.0073864
134,336.098,0.55327,0.43915,0.89298,0,0,0,0,0,0.08398,0,0.0073666,0.0073666,0.0073666
135,338.611,0.55363,0.44339,0.88686,0,0,0,0,0,0.17871,0,0.0073468,0.0073468,0.0073468
136,341.122,0.56746,0.4519,0.89725,0,0,0,0,0,0.00195,0,0.007327,0.007327,0.007327
137,343.567,0.54994,0.43941,0.88878,0,0,0,0,0,0.00195,0,0.0073072,0.0073072,0.0073072
138,345.982,0.56851,0.45861,0.88844,0,0,0,0,0,0.01367,0,0.0072874,0.0072874,0.0072874
139,348.416,0.56502,0.48181,0.90591,0,0,0,0,0,0.02148,0,0.0072676,0.0072676,0.0072676
140,350.877,0.59335,0.48122,0.91059,0,0,0,0,0,0.06738,0,0.0072478,0.0072478,0.0072478
141,353.289,0.52837,0.45972,0.88205,0,0,0,0,0,0.07422,0,0.007228,0.007228,0.007228
142,355.754,0.52269,0.4151,0.88003,0,0,0,0,0,0.11621,0,0.0072082,0.0072082,0.0072082
143,358.181,0.52304,0.39891,0.88417,0,0,0,0,0,0.33057,0,0.0071884,0.0071884,0.0071884
144,360.674,0.52115,0.41696,0.86231,0,0,0,0,0,0.13672,0,0.0071686,0.0071686,0.0071686
145,363.121,0.49611,0.40042,0.86579,0,0,0,0,0,0.14355,0,0.0071488,0.0071488,0.0071488
146,365.579,0.51849,0.43067,0.86977,0,0,0,0,0,0.19922,0,0.007129,0.007129,0.007129
147,368.011,0.51869,0.43801,0.8742,0,0,0,0,0,0.02148,0,0.0071092,0.0071092,0.0071092
148,370.463,0.48383,0.38319,0.85584,0,0,0,0,0,0.0332,0,0.0070894,0.0070894,0.0070894
149,372.884,0.53807,0.44806,0.87069,0,0,0,0,0,0.04883,0,0.0070696,0.0070696,0.0070696
150,375.301,0.52032,0.4099,0.87141,0,0,0,0,0,0.03516,0,0.0070498,0.0070498,0.0070498
151,377.738,0.51864,0.38154,0.87689,0,0,0,0,0,0.0293,0,0.00703,0.00703,0.00703
152,380.178,0.54223,0.4618,0.89344,0,0,0,0,0,0.07422,0,0.0070102,0.0070102,0.0070102
153,382.638,0.57043,0.41747,0.89153,0,0,0,0,0,0.0918,0,0.0069904,0.0069904,0.0069904
154,385.096,0.52753,0.41329,0.87349,0,0,0,0,0,0.09375,0,0.0069706,0.0069706,0.0069706
155,387.561,0.51794,0.40394,0.86628,0,0,0,0,0,0.00391,0,0.0069508,0.0069508,0.0069508
156,390.004,0.53036,0.41082,0.88557,0,0,0,0,0,0.01172,0,0.006931,0.006931,0.006931
157,392.421,0.52094,0.40026,0.88028,0,0,0,0,0,0.01367,0,0.0069112,0.0069112,0.0069112
158,394.853,0.531,0.38109,0.86995,0,0,0,0,0,0.01562,0,0.0068914,0.0068914,0.0068914
159,397.346,0.48787,0.36984,0.85079,0,0,0,0,0,0.0293,0,0.0068716,0.0068716,0.0068716
160,399.824,0.53534,0.39108,0.86772,0,0,0,0,0,0.01172,0,0.0068518,0.0068518,0.0068518
161,402.241,0.51764,0.41598,0.87143,0,0,0,0,0,0.01562,0,0.006832,0.006832,0.006832
162,404.802,0.53836,0.44249,0.89363,0,0,0,0,0,0.01562,0,0.0068122,0.0068122,0.0068122
163,407.285,0.53707,0.4319,0.8858,0,0,0,0,0,0.01172,0,0.0067924,0.0067924,0.0067924
164,410.089,0.49868,0.37552,0.85447,0,0,0,0,0,0,0,0.0067726,0.0067726,0.0067726
165,412.458,0.5356,0.42899,0.87596,0,0,0,0,0,0,0,0.0067528,0.0067528,0.0067528
166,414.899,0.53907,0.41386,0.88808,0,0,0,0,0,0.01758,0,0.006733,0.006733,0.006733
167,417.367,0.53652,0.41808,0.87442,0,0,0,0,0,0.05859,0,0.0067132,0.0067132,0.0067132
168,419.808,0.52638,0.40508,0.88269,0,0,0,0,0,0.06836,0,0.0066934,0.0066934,0.0066934
169,422.266,0.52774,0.40486,0.87588,0,0,0,0,0,0.14746,0,0.0066736,0.0066736,0.0066736
170,424.724,0.58689,0.47887,0.91997,0,0,0,0,0,0.46777,0,0.0066538,0.0066538,0.0066538
171,427.166,0.52005,0.39223,0.85954,0,0,0,0,0,0.13086,0,0.006634,0.006634,0.006634
172,429.597,0.54066,0.42333,0.89459,0,0,0,0,0,0.2832,0,0.0066142,0.0066142,0.0066142
173,432.114,0.51264,0.41086,0.86272,0,0,0,0,0,0.00977,0,0.0065944,0.0065944,0.0065944
174,434.537,0.52648,0.40679,0.87794,0,0,0,0,0,0.00781,0,0.0065746,0.0065746,0.0065746
175,437.002,0.50881,0.38765,0.86398,0,0,0,0,0,0.0625,0,0.0065548,0.0065548,0.0065548
176,439.411,0.50087,0.37774,0.87146,0,0,0,0,0,0.05859,0,0.006535,0.006535,0.006535
177,441.844,0.59175,0.46002,0.91269,0,0,0,0,0,0.06055,0,0.0065152,0.0065152,0.0065152
178,444.296,0.5065,0.40684,0.87559,0,0,0,0,0,0.09277,0,0.0064954,0.0064954,0.0064954
179,446.752,0.53989,0.39958,0.87191,0,0,0,0,0,0.05469,0,0.0064756,0.0064756,0.0064756
180,449.187,0.48324,0.3611,0.85274,0,0,0,0,0,0.01953,0,0.0064558,0.0064558,0.0064558
181,451.568,0.48832,0.40245,0.84357,0,0,0,0,0,0.01562,0,0.006436,0.006436,0.006436
182,454.021,0.49332,0.3583,0.86841,0,0,0,0,0,0.01367,0,0.0064162,0.0064162,0.0064162
183,456.412,0.55956,0.43781,0.89643,0,0,0,0,0,0.04395,0,0.0063964,0.0063964,0.0063964
184,458.887,0.49965,0.39594,0.85108,0,0,0,0,0,0.11914,0,0.0063766,0.0063766,0.0063766
185,461.311,0.50049,0.39951,0.87689,0,0,0,0,0,0.11914,0,0.0063568,0.0063568,0.0063568
186,463.798,0.4826,0.35797,0.84434,0,0,0,0,0,0.08398,0,0.006337,0.006337,0.006337
187,466.299,0.49343,0.39828,0.86969,0,0,0,0,0,0.13086,0,0.0063172,0.0063172,0.0063172
188,468.745,0.53548,0.41693,0.87594,0,0,0,0,0,0.09961,0,0.0062974,0.0062974,0.0062974
189,471.178,0.51194,0.38342,0.87178,0,0,0,0,0,0.05859,0,0.0062776,0.0062776,0.0062776
190,473.663,0.51654,0.38477,0.85495,0,0,0,0,0,0.11328,0,0.0062578,0.0062578,0.0062578
191,476.101,0.51872,0.40544,0.85133,0,0,0,0,0,0.01758,0,0.006238,0.006238,0.006238
192,478.632,0.48943,0.37886,0.85818,0,0,0,0,0,0.01758,0,0.0062182,0.0062182,0.0062182
193,481.1,0.50131,0.38715,0.86848,0,0,0,0,0,0.04199,0,0.0061984,0.0061984,0.0061984
194,483.547,0.52391,0.37403,0.86184,0,0,0,0,0,0.01953,0,0.0061786,0.0061786,0.0061786
195,485.967,0.49863,0.37486,0.88191,0,0,0,0,0,0.02344,0,0.0061588,0.0061588,0.0061588
196,488.411,0.49497,0.36803,0.85875,0,0,0,0,0,0,0,0.006139,0.006139,0.006139
197,490.849,0.52405,0.42864,0.88715,0,0,0,0,0,0,0,0.0061192,0.0061192,0.0061192
198,493.29,0.50169,0.39386,0.88545,0,0,0,0,0,0,0,0.0060994,0.0060994,0.0060994
199,495.701,0.47379,0.3817,0.86785,0,0,0,0,0,0,0,0.0060796,0.0060796,0.0060796
200,498.144,0.49723,0.36838,0.85376,0,0,0,0,0,0.00391,0,0.0060598,0.0060598,0.0060598
201,500.619,0.49957,0.39721,0.86722,0,0,0,0,0,0.01172,0,0.00604,0.00604,0.00604
202,503.058,0.46178,0.35283,0.85519,0,0,0,0,0,0.00195,0,0.0060202,0.0060202,0.0060202
203,505.541,0.49933,0.39302,0.87947,0,0,0,0,0,0.01367,0,0.0060004,0.0060004,0.0060004
204,508.085,0.53914,0.41382,0.89266,0,0,0,0,0,0,0,0.0059806,0.0059806,0.0059806
205,510.566,0.51102,0.41544,0.86721,0,0,0,0,0,0,0,0.0059608,0.0059608,0.0059608
206,513.044,0.53272,0.40664,0.88029,0,0,0,0,0,0.01562,0,0.005941,0.005941,0.005941
207,515.613,0.48702,0.37277,0.85032,0,0,0,0,0,0.01562,0,0.0059212,0.0059212,0.0059212
208,518.145,0.51265,0.40576,0.86784,0,0,0,0,0,0.01367,0,0.0059014,0.0059014,0.0059014
209,520.673,0.48134,0.38514,0.85356,0,0,0,0,0,0.00781,0,0.0058816,0.0058816,0.0058816
210,523.152,0.49425,0.39182,0.8514,0,0,0,0,0,0.01367,0,0.0058618,0.0058618,0.0058618
211,525.662,0.51622,0.4141,0.86943,0,0,0,0,0,0.10352,0,0.005842,0.005842,0.005842
212,528.108,0.52547,0.40208,0.89229,0,0,0,0,0,0.5166,0,0.0058222,0.0058222,0.0058222
213,530.598,0.47152,0.37124,0.85825,0,0,0,0,0,0.33594,0,0.0058024,0.0058024,0.0058024
214,533.054,0.47301,0.35353,0.86969,0,0,0,0,0,0.19922,0,0.0057826,0.0057826,0.0057826
215,535.459,0.46427,0.36551,0.85411,0,0,0,0,0,0.02148,0,0.0057628,0.0057628,0.0057628
216,537.993,0.4958,0.38676,0.88539,0,0,0,0,0,0.09473,0,0.005743,0.005743,0.005743
217,540.493,0.47605,0.36479,0.84949,0,0,0,0,0,0.08887,0,0.0057232,0.0057232,0.0057232
218,543.015,0.47319,0.39354,0.86196,0,0,0,0,0,0.02734,0,0.0057034,0.0057034,0.0057034
219,545.431,0.49013,0.43093,0.8687,0,0,0,0,0,0.06836,0,0.0056836,0.0056836,0.0056836
220,547.896,0.5124,0.39972,0.87068,0,0,0,0,0,0.08398,0,0.0056638,0.0056638,0.0056638
221,550.295,0.47838,0.36005,0.8549,0,0,0,0,0,0.04883,0,0.005644,0.005644,0.005644
222,552.71,0.49228,0.35305,0.84338,0,0,0,0,0,0.03906,0,0.0056242,0.0056242,0.0056242
223,555.107,0.51241,0.3882,0.87598,0,0,0,0,0,0.00391,0,0.0056044,0.0056044,0.0056044
224,557.551,0.47509,0.36291,0.86555,0,0,0,0,0,0.16406,0,0.0055846,0.0055846,0.0055846
225,559.937,0.51477,0.38322,0.8824,0,0,0,0,0,0.25391,0,0.0055648,0.0055648,0.0055648
226,562.429,0.52572,0.38371,0.88632,0,0,0,0,0,0,0,0.005545,0.005545,0.005545
227,564.903,0.48401,0.38769,0.87857,0,0,0,0,0,0,0,0.0055252,0.0055252,0.0055252
228,567.479,0.46024,0.35485,0.84635,0,0,0,0,0,0.01953,0,0.0055054,0.0055054,0.0055054
229,569.902,0.4793,0.38101,0.87252,0,0,0,0,0,0.04297,0,0.0054856,0.0054856,0.0054856
230,572.392,0.44895,0.3696,0.85431,0,0,0,0,0,0.0332,0,0.0054658,0.0054658,0.0054658
231,574.9,0.514,0.38507,0.86702,0,0,0,0,0,0.00586,0,0.005446,0.005446,0.005446
232,577.385,0.48965,0.35154,0.86349,0,0,0,0,0,0.00586,0,0.0054262,0.0054262,0.0054262
233,579.818,0.49836,0.37878,0.86931,0,0,0,0,0,0.00781,0,0.0054064,0.0054064,0.0054064
234,582.263,0.46337,0.35089,0.84807,0,0,0,0,0,0.00781,0,0.0053866,0.0053866,0.0053866
235,584.776,0.48167,0.35423,0.85545,0,0,0,0,0,0.06738,0,0.0053668,0.0053668,0.0053668
236,587.235,0.46327,0.31917,0.84793,0,0,0,0,0,0.3125,0,0.005347,0.005347,0.005347
237,589.658,0.49427,0.3758,0.86384,0,0,0,0,0,0.43408,0,0.0053272,0.0053272,0.0053272
238,592.142,0.54492,0.37342,0.87897,0,0,0,0,0,0.3584,0,0.0053074,0.0053074,0.0053074
239,594.536,0.492,0.35792,0.86564,0,0,0,0,0,0.40674,0,0.0052876,0.0052876,0.0052876
240,597.007,0.49016,0.36844,0.86728,0,0,0,0,0,0.27441,0,0.0052678,0.0052678,0.0052678
241,599.444,0.51868,0.36908,0.89198,0,0,0,0,0,0.13672,0,0.005248,0.005248,0.005248
242,601.85,0.45913,0.35247,0.84025,0,0,0,0,0,0.1748,0,0.0052282,0.0052282,0.0052282
243,604.282,0.50629,0.36389,0.86376,0,0,0,0,0,0.07129,0,0.0052084,0.0052084,0.0052084
244,606.72,0.48311,0.37643,0.85995,0,0,0,0,0,0.01367,0,0.0051886,0.0051886,0.0051886
245,609.136,0.50839,0.37087,0.85706,0,0,0,0,0,0.00586,0,0.0051688,0.0051688,0.0051688
246,611.582,0.4705,0.35097,0.85395,0,0,0,0,0,0.01172,0,0.005149,0.005149,0.005149
247,614.044,0.46937,0.37585,0.84007,0,0,0,0,0,0.00781,0,0.0051292,0.0051292,0.0051292
248,616.643,0.48109,0.36187,0.85915,0,0,0,0,0,0.00781,0,0.0051094,0.0051094,0.0051094
249,619.064,0.4654,0.37194,0.83859,0,0,0,0,0,0.00781,0,0.0050896,0.0050896,0.0050896
250,621.494,0.45709,0.32397,0.84249,0,0,0,0,0,0.00195,0,0.0050698,0.0050698,0.0050698
251,624.01,0.48069,0.35584,0.85998,0,0,0,0,0,0.00195,0,0.00505,0.00505,0.00505
252,626.521,0.48756,0.37119,0.86852,0,0,0,0,0,0,0,0.0050302,0.0050302,0.0050302
253,628.983,0.48223,0.38305,0.8653,0,0,0,0,0,0,0,0.0050104,0.0050104,0.0050104
254,631.484,0.45217,0.37165,0.84671,0,0,0,0,0,0,0,0.0049906,0.0049906,0.0049906
255,634.018,0.44394,0.32305,0.85124,0,0,0,0,0,0.0498,0,0.0049708,0.0049708,0.0049708
256,636.543,0.49717,0.3487,0.86588,0,0,0,0,0,0.0332,0,0.004951,0.004951,0.004951
257,639.038,0.47738,0.34801,0.83654,0,0,0,0,0,0.03516,0,0.0049312,0.0049312,0.0049312
258,641.635,0.47673,0.33796,0.8561,0,0,0,0,0,0.04297,0,0.0049114,0.0049114,0.0049114
259,644.157,0.48466,0.35216,0.87485,0,0,0,0,0,0.00586,0,0.0048916,0.0048916,0.0048916
260,646.65,0.44703,0.35946,0.82844,0,0,0,0,0,0.00781,0,0.0048718,0.0048718,0.0048718
261,649.105,0.46503,0.36221,0.85587,0,0,0,0,0,0.04004,0,0.004852,0.004852,0.004852
262,651.609,0.47404,0.35722,0.84923,0,0,0,0,0,0.29199,0,0.0048322,0.0048322,0.0048322
263,654.071,0.43738,0.32418,0.84086,0,0,0,0,0,0.22754,0,0.0048124,0.0048124,0.0048124
264,656.589,0.48156,0.34511,0.84398,0,0,0,0,0,0.03711,0,0.0047926,0.0047926,0.0047926
265,659.072,0.46774,0.35378,0.86787,0,0,0,0,0,0.00977,0,0.0047728,0.0047728,0.0047728
266,661.574,0.46195,0.35439,0.85596,0,0,0,0,0,0.02148,0,0.004753,0.004753,0.004753
267,664.047,0.5256,0.38545,0.87702,0,0,0,0,0,0.03906,0,0.0047332,0.0047332,0.0047332
268,666.493,0.48605,0.38912,0.86347,0,0,0,0,0,0.02148,0,0.0047134,0.0047134,0.0047134
269,668.882,0.47291,0.34047,0.86407,0,0,0,0,0,0.00781,0,0.0046936,0.0046936,0.0046936
270,671.322,0.45527,0.3279,0.84969,0,0,0,0,0,0.00195,0,0.0046738,0.0046738,0.0046738
271,673.793,0.48505,0.36101,0.85889,0,0,0,0,0,0,0,0.004654,0.004654,0.004654
272,676.277,0.45074,0.34653,0.84484,0,0,0,0,0,0.00586,0,0.0046342,0.0046342,0.0046342
273,678.713,0.42397,0.3377,0.84575,0,0,0,0,0,0.00586,0,0.0046144,0.0046144,0.0046144
274,681.266,0.44812,0.32523,0.85501,0,0,0,0,0,0.00391,0,0.0045946,0.0045946,0.0045946
275,683.716,0.47189,0.35262,0.87058,0,0,0,0,0,0.00195,0,0.0045748,0.0045748,0.0045748
276,686.221,0.4877,0.38158,0.87364,0,0,0,0,0,0.00781,0,0.004555,0.004555,0.004555
277,688.672,0.43558,0.33049,0.8509,0,0,0,0,0,0.01172,0,0.0045352,0.0045352,0.0045352
278,691.128,0.50275,0.35571,0.87396,0,0,0,0,0,0.01953,0,0.0045154,0.0045154,0.0045154
279,693.52,0.42374,0.31832,0.8382,0,0,0,0,0,0.00781,0,0.0044956,0.0044956,0.0044956
280,695.949,0.46308,0.34488,0.86353,0,0,0,0,0,0.01172,0,0.0044758,0.0044758,0.0044758
281,698.387,0.43738,0.33408,0.84274,0,0,0,0,0,0.02148,0,0.004456,0.004456,0.004456
282,700.927,0.46712,0.354,0.8647,0,0,0,0,0,0.14551,0,0.0044362,0.0044362,0.0044362
283,703.384,0.46707,0.35092,0.86529,0,0,0,0,0,0.24756,0,0.0044164,0.0044164,0.0044164
284,705.918,0.47025,0.35063,0.85366,0,0,0,0,0,0.06055,0,0.0043966,0.0043966,0.0043966
285,708.279,0.47142,0.33563,0.84881,0,0,0,0,0,0.05078,0,0.0043768,0.0043768,0.0043768
286,710.778,0.51198,0.3919,0.87978,0,0,0,0,0,0.1709,0,0.004357,0.004357,0.004357
287,713.228,0.44362,0.33917,0.8361,0,0,0,0,0,0.18555,0,0.0043372,0.0043372,0.0043372
288,715.719,0.51546,0.38186,0.86883,0,0,0,0,0,0.16797,0,0.0043174,0.0043174,0.0043174
289,718.177,0.45284,0.33274,0.83212,0,0,0,0,0,0.12891,0,0.0042976,0.0042976,0.0042976
290,720.559,0.46391,0.33968,0.85308,0,0,0,0,0,0.08594,0,0.0042778,0.0042778,0.0042778
291,722.985,0.42776,0.33955,0.83692,0,0,0,0,0,0.04492,0,0.004258,0.004258,0.004258
292,725.409,0.46934,0.34283,0.85373,0,0,0,0,0,0.02734,0,0.0042382,0.0042382,0.0042382
293,727.795,0.41522,0.33426,0.83569,0,0,0,0,0,0.00977,0,0.0042184,0.0042184,0.0042184
294,730.235,0.42658,0.33155,0.84555,0,0,0,0,0,0,0,0.0041986,0.0041986,0.0041986
295,732.71,0.49534,0.37719,0.87822,0,0,0,0,0,0,0,0.0041788,0.0041788,0.0041788
296,735.262,0.46439,0.35307,0.85029,0,0,0,0,0,0,0,0.004159,0.004159,0.004159
297,737.709,0.49964,0.37038,0.88609,0,0,0,0,0,0.00391,0,0.0041392,0.0041392,0.0041392
298,740.177,0.44227,0.3285,0.84275,0,0,0,0,0,0.00781,0,0.0041194,0.0041194,0.0041194
299,742.624,0.47751,0.38314,0.85921,0,0,0,0,0,0,0,0.0040996,0.0040996,0.0040996
300,745.054,0.46887,0.35823,0.87653,0,0,0,0,0,0,0,0.0040798,0.0040798,0.0040798
301,747.487,0.44617,0.35286,0.85771,0,0,0,0,0,0,0,0.00406,0.00406,0.00406
302,749.959,0.49018,0.38473,0.87648,0,0,0,0,0,0,0,0.0040402,0.0040402,0.0040402
303,752.363,0.44757,0.33214,0.84355,0,0,0,0,0,0,0,0.0040204,0.0040204,0.0040204
304,754.81,0.49344,0.38263,0.87163,0,0,0,0,0,0,0,0.0040006,0.0040006,0.0040006
305,757.22,0.45157,0.33962,0.8467,0,0,0,0,0,0,0,0.0039808,0.0039808,0.0039808
306,759.736,0.44128,0.35332,0.85053,0,0,0,0,0,0.01172,0,0.003961,0.003961,0.003961
307,762.25,0.45429,0.36369,0.8332,0,0,0,0,0,0.01367,0,0.0039412,0.0039412,0.0039412
308,764.732,0.46097,0.31398,0.85777,0,0,0,0,0,0.02539,0,0.0039214,0.0039214,0.0039214
309,767.199,0.438,0.32458,0.84187,0,0,0,0,0,0.04883,0,0.0039016,0.0039016,0.0039016
310,769.705,0.45211,0.34931,0.85951,0,0,0,0,0,0.02539,0,0.0038818,0.0038818,0.0038818
311,772.247,0.46253,0.36816,0.85987,0,0,0,0,0,0.00195,0,0.003862,0.003862,0.003862
312,774.729,0.41484,0.31199,0.83407,0,0,0,0,0,0,0,0.0038422,0.0038422,0.0038422
313,777.224,0.43954,0.31678,0.85621,0,0,0,0,0,0.00195,0,0.0038224,0.0038224,0.0038224
314,779.666,0.48004,0.35185,0.84644,0,0,0,0,0,0.00195,0,0.0038026,0.0038026,0.0038026
315,782.122,0.4617,0.34953,0.86425,0,0,0,0,0,0,0,0.0037828,0.0037828,0.0037828
316,784.712,0.41885,0.30428,0.83209,0,0,0,0,0,0.00391,0,0.003763,0.003763,0.003763
317,787.21,0.4343,0.30934,0.84692,0,0,0,0,0,0.00586,0,0.0037432,0.0037432,0.0037432
318,789.636,0.41827,0.32041,0.83476,0,0,0,0,0,0.00781,0,0.0037234,0.0037234,0.0037234
319,792.18,0.44931,0.31895,0.84216,0,0,0,0,0,0.00586,0,0.0037036,0.0037036,0.0037036
320,794.697,0.47653,0.3388,0.86887,0,0,0,0,0,0.00977,0,0.0036838,0.0036838,0.0036838
321,797.14,0.42392,0.30985,0.84198,0,0,0,0,0,0.01562,0,0.003664,0.003664,0.003664
322,799.638,0.4541,0.32605,0.85558,0,0,0,0,0,0.01953,0,0.0036442,0.0036442,0.0036442
323,802.203,0.45485,0.32388,0.86167,0,0,0,0,0,0.02344,0,0.0036244,0.0036244,0.0036244
324,804.69,0.4406,0.32615,0.84611,0,0,0,0,0,0.02734,0,0.0036046,0.0036046,0.0036046
325,807.219,0.41171,0.31479,0.8316,0,0,0,0,0,0.0293,0,0.0035848,0.0035848,0.0035848
326,809.762,0.44205,0.34455,0.86014,0,0,0,0,0,0.02734,0,0.003565,0.003565,0.003565
327,812.284,0.47423,0.34936,0.86962,0,0,0,0,0,0.02148,0,0.0035452,0.0035452,0.0035452
328,814.745,0.4329,0.33264,0.83479,0,0,0,0,0,0.01953,0,0.0035254,0.0035254,0.0035254
329,817.233,0.43343,0.3227,0.84398,0,0,0,0,0,0.01172,0,0.0035056,0.0035056,0.0035056
330,819.686,0.43527,0.33687,0.83942,0,0,0,0,0,0.00391,0,0.0034858,0.0034858,0.0034858
331,822.146,0.44406,0.30932,0.85961,0,0,0,0,0,0.00586,0,0.003466,0.003466,0.003466
332,824.628,0.45402,0.30668,0.86626,0,0,0,0,0,0.00391,0,0.0034462,0.0034462,0.0034462
333,827.146,0.45893,0.33024,0.85656,0,0,0,0,0,0.00195,0,0.0034264,0.0034264,0.0034264
334,829.658,0.40342,0.29493,0.83243,0,0,0,0,0,0.00391,0,0.0034066,0.0034066,0.0034066
335,832.184,0.43501,0.335,0.84524,0,0,0,0,0,0,0,0.0033868,0.0033868,0.0033868
336,834.695,0.50042,0.38166,0.87963,0,0,0,0,0,0,0,0.003367,0.003367,0.003367
337,837.156,0.46412,0.34936,0.85858,0,0,0,0,0,0,0,0.0033472,0.0033472,0.0033472
338,839.667,0.44382,0.3396,0.84325,0,0,0,0,0,0,0,0.0033274,0.0033274,0.0033274
339,842.164,0.43292,0.3207,0.84336,0,0,0,0,0,0.01562,0,0.0033076,0.0033076,0.0033076
340,844.611,0.46628,0.32303,0.85377,0,0,0,0,0,0.02148,0,0.0032878,0.0032878,0.0032878
341,847.123,0.49697,0.35746,0.85932,0,0,0,0,0,0.00977,0,0.003268,0.003268,0.003268
342,849.59,0.42696,0.31553,0.84912,0,0,0,0,0,0,0,0.0032482,0.0032482,0.0032482
343,852.111,0.45997,0.33506,0.84339,0,0,0,0,0,0,0,0.0032284,0.0032284,0.0032284
344,854.66,0.43447,0.32955,0.83736,0,0,0,0,0,0,0,0.0032086,0.0032086,0.0032086
345,857.208,0.44395,0.32925,0.85557,0,0,0,0,0,0.00195,0,0.0031888,0.0031888,0.0031888
346,859.645,0.44799,0.3285,0.86078,0,0,0,0,0,0.00391,0,0.003169,0.003169,0.003169
347,862.121,0.46467,0.30822,0.83313,0,0,0,0,0,0,0,0.0031492,0.0031492,0.0031492
348,864.621,0.40957,0.28373,0.84155,0,0,0,0,0,0,0,0.0031294,0.0031294,0.0031294
349,867.026,0.45438,0.33381,0.84549,0,0,0,0,0,0.00586,0,0.0031096,0.0031096,0.0031096
350,869.477,0.53311,0.4279,0.91443,0,0,0,0,0,0.02734,0,0.0030898,0.0030898,0.0030898
351,871.893,0.46562,0.31796,0.85441,0,0,0,0,0,0.02344,0,0.00307,0.00307,0.00307
352,874.362,0.43481,0.3172,0.83747,0,0,0,0,0,0.01953,0,0.0030502,0.0030502,0.0030502
353,876.827,0.41939,0.32625,0.83393,0,0,0,0,0,0.00781,0,0.0030304,0.0030304,0.0030304
354,879.372,0.42919,0.31103,0.83072,0,0,0,0,0,0,0,0.0030106,0.0030106,0.0030106
355,881.903,0.46016,0.32246,0.8404,0,0,0,0,0,0,0,0.0029908,0.0029908,0.0029908
356,884.447,0.43068,0.32497,0.8437,0,0,0,0,0,0.00195,0,0.002971,0.002971,0.002971
357,886.966,0.43425,0.29134,0.85718,0,0,0,0,0,0.01367,0,0.0029512,0.0029512,0.0029512
358,889.458,0.41396,0.32373,0.83348,0,0,0,0,0,0.0332,0,0.0029314,0.0029314,0.0029314
359,892.03,0.42605,0.31643,0.85636,0,0,0,0,0,0.00781,0,0.0029116,0.0029116,0.0029116
360,894.603,0.40122,0.29684,0.83175,0,0,0,0,0,0.00195,0,0.0028918,0.0028918,0.0028918
361,897.077,0.418,0.30561,0.84001,0,0,0,0,0,0.00391,0,0.002872,0.002872,0.002872
362,899.626,0.45183,0.34498,0.86014,0,0,0,0,0,0.00781,0,0.0028522,0.0028522,0.0028522
363,902.185,0.44641,0.29913,0.84784,0,0,0,0,0,0.00781,0,0.0028324,0.0028324,0.0028324
364,904.728,0.45345,0.35436,0.84424,0,0,0,0,0,0.00586,0,0.0028126,0.0028126,0.0028126
365,907.21,0.45504,0.3338,0.86069,0,0,0,0,0,0.00195,0,0.0027928,0.0027928,0.0027928
366,909.812,0.45016,0.32819,0.85961,0,0,0,0,0,0.00195,0,0.002773,0.002773,0.002773
367,912.284,0.41531,0.29297,0.83503,0,0,0,0,0,0,0,0.0027532,0.0027532,0.0027532
368,914.835,0.49879,0.38562,0.87664,0,0,0,0,0,0,0,0.0027334,0.0027334,0.0027334
369,917.304,0.43234,0.30681,0.83864,0,0,0,0,0,0,0,0.0027136,0.0027136,0.0027136
370,919.78,0.43765,0.31237,0.86724,0,0,0,0,0,0,0,0.0026938,0.0026938,0.0026938
371,922.194,0.43579,0.30686,0.8263,0,0,0,0,0,0,0,0.002674,0.002674,0.002674
372,924.725,0.40398,0.31388,0.81737,0,0,0,0,0,0,0,0.0026542,0.0026542,0.0026542
373,927.597,0.42815,0.30958,0.84599,0,0,0,0,0,0,0,0.0026344,0.0026344,0.0026344
374,930.486,0.43659,0.3122,0.84747,0,0,0,0,0,0,0,0.0026146,0.0026146,0.0026146
375,933.058,0.40266,0.29335,0.848,0,0,0,0,0,0,0,0.0025948,0.0025948,0.0025948
376,935.557,0.43645,0.32497,0.85421,0,0,0,0,0,0.00195,0,0.002575,0.002575,0.002575
377,938.037,0.44052,0.34015,0.85111,0,0,0,0,0,0.00195,0,0.0025552,0.0025552,0.0025552
378,940.575,0.49215,0.34326,0.86871,0,0,0,0,0,0.00586,0,0.0025354,0.0025354,0.0025354
379,943.026,0.43355,0.29878,0.85277,0,0,0,0,0,0.00586,0,0.0025156,0.0025156,0.0025156
380,945.457,0.45581,0.32827,0.8578,0,0,0,0,0,0.00977,0,0.0024958,0.0024958,0.0024958
381,947.87,0.47815,0.32641,0.85287,0,0,0,0,0,0.00391,0,0.002476,0.002476,0.002476
382,950.294,0.40879,0.31784,0.83924,0,0,0,0,0,0,0,0.0024562,0.0024562,0.0024562
383,952.822,0.38285,0.27926,0.81953,0,0,0,0,0,0,0,0.0024364,0.0024364,0.0024364
384,955.254,0.43489,0.29482,0.83557,0,0,0,0,0,0,0,0.0024166,0.0024166,0.0024166
385,957.704,0.445,0.33753,0.85813,0,0,0,0,0,0,0,0.0023968,0.0023968,0.0023968
386,960.244,0.44618,0.31539,0.85345,0,0,0,0,0,0,0,0.002377,0.002377,0.002377
387,962.717,0.4334,0.29704,0.83467,0,0,0,0,0,0,0,0.0023572,0.0023572,0.0023572
388,965.149,0.40835,0.28478,0.83247,0,0,0,0,0,0,0,0.0023374,0.0023374,0.0023374
389,967.621,0.45235,0.29872,0.83945,0,0,0,0,0,0.00391,0,0.0023176,0.0023176,0.0023176
390,970.101,0.3899,0.29257,0.82456,0,0,0,0,0,0,0,0.0022978,0.0022978,0.0022978
391,972.499,0.39389,0.3002,0.82598,0,0,0,0,0,0,0,0.002278,0.002278,0.002278
392,975.002,0.38817,0.28165,0.81015,0,0,0,0,0,0,0,0.0022582,0.0022582,0.0022582
393,977.379,0.41954,0.29671,0.84265,0,0,0,0,0,0,0,0.0022384,0.0022384,0.0022384
394,979.781,0.40751,0.30927,0.837,0,0,0,0,0,0,0,0.0022186,0.0022186,0.0022186
395,982.233,0.38927,0.29992,0.82377,0,0,0,0,0,0,0,0.0021988,0.0021988,0.0021988
396,984.654,0.40783,0.29051,0.81816,0,0,0,0,0,0,0,0.002179,0.002179,0.002179
397,987.203,0.40499,0.30558,0.83083,0,0,0,0,0,0,0,0.0021592,0.0021592,0.0021592
398,989.631,0.40797,0.26574,0.84325,0,0,0,0,0,0,0,0.0021394,0.0021394,0.0021394
399,992.066,0.41886,0.29757,0.83917,0,0,0,0,0,0,0,0.0021196,0.0021196,0.0021196
400,994.451,0.45627,0.32582,0.8698,0,0,0,0,0,0,0,0.0020998,0.0020998,0.0020998
401,996.917,0.42997,0.31168,0.82837,0,0,0,0,0,0,0,0.00208,0.00208,0.00208
402,999.345,0.41014,0.27844,0.84697,0,0,0,0,0,0.00391,0,0.0020602,0.0020602,0.0020602
403,1001.78,0.4163,0.29338,0.83251,0,0,0,0,0,0,0,0.0020404,0.0020404,0.0020404
404,1004.17,0.41375,0.29233,0.82267,0,0,0,0,0,0,0,0.0020206,0.0020206,0.0020206
405,1006.54,0.43146,0.34177,0.83762,0,0,0,0,0,0,0,0.0020008,0.0020008,0.0020008
406,1008.92,0.38456,0.27491,0.82803,0,0,0,0,0,0,0,0.001981,0.001981,0.001981
407,1011.33,0.39411,0.27645,0.82992,0,0,0,0,0,0,0,0.0019612,0.0019612,0.0019612
408,1013.73,0.39414,0.26423,0.83203,0,0,0,0,0,0,0,0.0019414,0.0019414,0.0019414
409,1016.14,0.39435,0.29912,0.81167,0,0,0,0,0,0,0,0.0019216,0.0019216,0.0019216
410,1018.6,0.39802,0.28869,0.83212,0,0,0,0,0,0,0,0.0019018,0.0019018,0.0019018
411,1021.02,0.45421,0.3448,0.85027,0,0,0,0,0,0,0,0.001882,0.001882,0.001882
412,1023.42,0.4494,0.35493,0.85879,0,0,0,0,0,0,0,0.0018622,0.0018622,0.0018622
413,1025.82,0.41512,0.28433,0.8436,0,0,0,0,0,0,0,0.0018424,0.0018424,0.0018424
414,1028.18,0.41595,0.29472,0.8374,0,0,0,0,0,0,0,0.0018226,0.0018226,0.0018226
415,1030.62,0.44379,0.33953,0.85063,0,0,0,0,0,0,0,0.0018028,0.0018028,0.0018028
416,1033.08,0.42916,0.30554,0.85393,0,0,0,0,0,0,0,0.001783,0.001783,0.001783
417,1035.53,0.38669,0.27443,0.82065,0,0,0,0,0,0,0,0.0017632,0.0017632,0.0017632
418,1037.93,0.41166,0.28621,0.83223,0,0,0,0,0,0,0,0.0017434,0.0017434,0.0017434
419,1040.33,0.45482,0.31476,0.84879,0,0,0,0,0,0,0,0.0017236,0.0017236,0.0017236
420,1042.72,0.42727,0.305,0.8439,0,0,0,0,0,0,0,0.0017038,0.0017038,0.0017038
421,1045.15,0.40232,0.28045,0.83756,0,0,0,0,0,0,0,0.001684,0.001684,0.001684
422,1047.65,0.39313,0.28313,0.8248,0,0,0,0,0,0,0,0.0016642,0.0016642,0.0016642
423,1050.1,0.43799,0.33479,0.83987,0,0,0,0,0,0,0,0.0016444,0.0016444,0.0016444
424,1052.53,0.44262,0.31693,0.84815,0,0,0,0,0,0,0,0.0016246,0.0016246,0.0016246
425,1054.9,0.44194,0.30189,0.8495,0,0,0,0,0,0,0,0.0016048,0.0016048,0.0016048
426,1057.37,0.41974,0.31091,0.8344,0,0,0,0,0,0,0,0.001585,0.001585,0.001585
427,1059.81,0.42466,0.2903,0.83829,0,0,0,0,0,0,0,0.0015652,0.0015652,0.0015652
428,1062.22,0.41437,0.27894,0.83111,0,0,0,0,0,0,0,0.0015454,0.0015454,0.0015454
429,1064.7,0.40426,0.29495,0.82914,0,0,0,0,0,0,0,0.0015256,0.0015256,0.0015256
430,1067.19,0.40809,0.28267,0.82617,0,0,0,0,0,0,0,0.0015058,0.0015058,0.0015058
431,1069.62,0.39571,0.28304,0.82921,0,0,0,0,0,0,0,0.001486,0.001486,0.001486
432,1072.05,0.38334,0.27496,0.83952,0,0,0,0,0,0,0,0.0014662,0.0014662,0.0014662
433,1074.45,0.42118,0.30566,0.84301,0,0,0,0,0,0,0,0.0014464,0.0014464,0.0014464
434,1076.92,0.39847,0.2719,0.82249,0,0,0,0,0,0,0,0.0014266,0.0014266,0.0014266
435,1079.29,0.42264,0.29677,0.83879,0,0,0,0,0,0,0,0.0014068,0.0014068,0.0014068
436,1081.77,0.39214,0.27084,0.82644,0,0,0,0,0,0,0,0.001387,0.001387,0.001387
437,1084.15,0.41825,0.28146,0.84469,0,0,0,0,0,0,0,0.0013672,0.0013672,0.0013672
438,1086.62,0.37536,0.26154,0.82408,0,0,0,0,0,0,0,0.0013474,0.0013474,0.0013474
439,1089.05,0.44889,0.31781,0.85036,0,0,0,0,0,0,0,0.0013276,0.0013276,0.0013276
440,1091.55,0.43887,0.29468,0.84303,0,0,0,0,0,0,0,0.0013078,0.0013078,0.0013078
441,1093.92,0.39967,0.28186,0.81697,0,0,0,0,0,0.00391,0,0.001288,0.001288,0.001288
442,1096.34,0.41369,0.27851,0.84659,0,0,0,0,0,0.00391,0,0.0012682,0.0012682,0.0012682
443,1098.73,0.39093,0.27633,0.83077,0,0,0,0,0,0.00195,0,0.0012484,0.0012484,0.0012484
444,1101.14,0.40172,0.26488,0.84122,0,0,0,0,0,0.00586,0,0.0012286,0.0012286,0.0012286
445,1103.64,0.39146,0.26995,0.83132,0,0,0,0,0,0.00586,0,0.0012088,0.0012088,0.0012088
446,1106.08,0.34993,0.24375,0.82218,0,0,0,0,0,0.00195,0,0.001189,0.001189,0.001189
447,1108.48,0.37276,0.27636,0.82659,0,0,0,0,0,0.00195,0,0.0011692,0.0011692,0.0011692
448,1110.94,0.41023,0.30249,0.83118,0,0,0,0,0,0.00195,0,0.0011494,0.0011494,0.0011494
449,1113.33,0.39594,0.27225,0.83788,0,0,0,0,0,0.00195,0,0.0011296,0.0011296,0.0011296
450,1115.85,0.40421,0.27134,0.84618,0,0,0,0,0,0,0,0.0011098,0.0011098,0.0011098
451,1118.31,0.36424,0.24497,0.82259,0,0,0,0,0,0,0,0.00109,0.00109,0.00109
452,1120.84,0.41367,0.27598,0.83948,0,0,0,0,0,0.00195,0,0.0010702,0.0010702,0.0010702
453,1123.29,0.38176,0.24702,0.82139,0,0,0,0,0,0.00391,0,0.0010504,0.0010504,0.0010504
454,1125.72,0.40193,0.28281,0.85329,0,0,0,0,0,0.00195,0,0.0010306,0.0010306,0.0010306
455,1128.18,0.38373,0.27369,0.84259,0,0,0,0,0,0,0,0.0010108,0.0010108,0.0010108
456,1130.64,0.40632,0.27923,0.85002,0,0,0,0,0,0,0,0.000991,0.000991,0.000991
457,1133.06,0.36817,0.24969,0.82255,0,0,0,0,0,0,0,0.0009712,0.0009712,0.0009712
458,1135.44,0.43412,0.36044,0.83918,0,0,0,0,0,0,0,0.0009514,0.0009514,0.0009514
459,1137.94,0.41154,0.2801,0.83778,0,0,0,0,0,0,0,0.0009316,0.0009316,0.0009316
460,1140.35,0.38194,0.2677,0.82972,0,0,0,0,0,0.00195,0,0.0009118,0.0009118,0.0009118
461,1142.81,0.4196,0.30757,0.83421,0,0,0,0,0,0.00391,0,0.000892,0.000892,0.000892
462,1145.23,0.43376,0.3151,0.85524,0,0,0,0,0,0.00586,0,0.0008722,0.0008722,0.0008722
463,1147.63,0.3906,0.26504,0.83174,0,0,0,0,0,0.00586,0,0.0008524,0.0008524,0.0008524
464,1150.06,0.38945,0.27244,0.83524,0,0,0,0,0,0.00391,0,0.0008326,0.0008326,0.0008326
465,1152.47,0.42208,0.31059,0.84969,0,0,0,0,0,0.00391,0,0.0008128,0.0008128,0.0008128
466,1154.94,0.36951,0.27485,0.80019,0,0,0,0,0,0,0,0.000793,0.000793,0.000793
467,1157.33,0.39582,0.29565,0.81757,0,0,0,0,0,0,0,0.0007732,0.0007732,0.0007732
468,1159.74,0.37733,0.25637,0.82246,0,0,0,0,0,0,0,0.0007534,0.0007534,0.0007534
469,1162.13,0.41241,0.29716,0.84735,0,0,0,0,0,0,0,0.0007336,0.0007336,0.0007336
470,1164.52,0.40441,0.26873,0.83324,0,0,0,0,0,0,0,0.0007138,0.0007138,0.0007138
471,1166.99,0.40552,0.28699,0.82978,0,0,0,0,0,0,0,0.000694,0.000694,0.000694
472,1169.41,0.37286,0.25405,0.80702,0,0,0,0,0,0,0,0.0006742,0.0006742,0.0006742
473,1171.9,0.38779,0.2925,0.82957,0,0,0,0,0,0,0,0.0006544,0.0006544,0.0006544
474,1174.32,0.39035,0.2844,0.84285,0,0,0,0,0,0,0,0.0006346,0.0006346,0.0006346
475,1176.81,0.40821,0.28415,0.8432,0,0,0,0,0,0,0,0.0006148,0.0006148,0.0006148
476,1179.21,0.38584,0.27412,0.83138,0,0,0,0,0,0,0,0.000595,0.000595,0.000595
477,1181.71,0.39076,0.28483,0.83403,0,0,0,0,0,0,0,0.0005752,0.0005752,0.0005752
478,1184.14,0.40069,0.27359,0.82872,0,0,0,0,0,0.00391,0,0.0005554,0.0005554,0.0005554
479,1186.63,0.44774,0.30739,0.86311,0,0,0,0,0,0.00781,0,0.0005356,0.0005356,0.0005356
480,1189.09,0.42503,0.27073,0.82368,0,0,0,0,0,0.01172,0,0.0005158,0.0005158,0.0005158
481,1191.51,0.37153,0.24951,0.82834,0,0,0,0,0,0.01367,0,0.000496,0.000496,0.000496
482,1193.95,0.45222,0.29856,0.86176,0,0,0,0,0,0.01562,0,0.0004762,0.0004762,0.0004762
483,1196.41,0.37709,0.23797,0.80586,0,0,0,0,0,0.01562,0,0.0004564,0.0004564,0.0004564
484,1198.85,0.41236,0.27686,0.8426,0,0,0,0,0,0.01562,0,0.0004366,0.0004366,0.0004366
485,1201.27,0.38962,0.27024,0.8208,0,0,0,0,0,0.01562,0,0.0004168,0.0004168,0.0004168
486,1238.36,0.32676,0.22919,0.79898,0,0,0,0,0,0.01367,0,0.000397,0.000397,0.000397
487,1240.76,0.36682,0.25945,0.82927,0,0,0,0,0,0.01367,0,0.0003772,0.0003772,0.0003772
488,1243.18,0.34762,0.25078,0.81248,0,0,0,0,0,0.01367,0,0.0003574,0.0003574,0.0003574
489,1245.54,0.35849,0.22871,0.82141,0,0,0,0,0,0.01367,0,0.0003376,0.0003376,0.0003376
490,1247.93,0.3194,0.2267,0.82019,0,0,0,0,0,0.01367,0,0.0003178,0.0003178,0.0003178
491,1250.29,0.34633,0.22934,0.84213,0,0,0,0,0,0.01367,0,0.000298,0.000298,0.000298
492,1252.67,0.32513,0.23633,0.83471,0,0,0,0,0,0.01367,0,0.0002782,0.0002782,0.0002782
493,1255.05,0.34681,0.23884,0.83237,0,0,0,0,0,0.01367,0,0.0002584,0.0002584,0.0002584
494,1257.5,0.33904,0.23044,0.79572,0,0,0,0,0,0.01367,0,0.0002386,0.0002386,0.0002386
495,1259.87,0.33976,0.24116,0.81797,0,0,0,0,0,0.01367,0,0.0002188,0.0002188,0.0002188
496,1262.28,0.36059,0.23686,0.8233,0,0,0,0,0,0.01367,0,0.000199,0.000199,0.000199
497,1264.61,0.33216,0.22842,0.82021,0,0,0,0,0,0.01367,0,0.0001792,0.0001792,0.0001792
498,1267.01,0.34194,0.21964,0.82258,0,0,0,0,0,0.01367,0,0.0001594,0.0001594,0.0001594
499,1269.42,0.34948,0.23574,0.80874,0,0,0,0,0,0.01172,0,0.0001396,0.0001396,0.0001396
500,1271.88,0.32001,0.21869,0.82035,0,0,0,0,0,0.01172,0,0.0001198,0.0001198,0.0001198
